Avatar_body_part_id;Title;Category_id;Type;Price;Path
311416187;Bigdots;NULL;BODY;0;/toonla/images/cn30/avatar/legacy-parts/201203/newbodybigdotsswf21271047983648077.swf
311416452;Bones;NULL;BODY;0;/toonla/images/cn30/avatar/legacy-parts/201203/newbodybonesswf2369215857410143.swf
311416775;Chevron;NULL;BODY;0;/toonla/images/cn30/avatar/legacy-parts/201203/newbodychevronswf224551266781415.swf
311417051;Circles;NULL;BODY;0;/toonla/images/cn30/avatar/legacy-parts/201203/newbodycirclesswf2167317334748176.swf
311417232;Dots;NULL;BODY;0;/toonla/images/cn30/avatar/legacy-parts/201203/newbodydotsswf2232996110392154.swf
311417508;Fish;NULL;BODY;0;/toonla/images/cn30/avatar/legacy-parts/201203/newbodyfishswf2075546961392531.swf
311418100;Flowers;NULL;BODY;0;/toonla/images/cn30/avatar/legacy-parts/201203/newbodyflowersswf21271047983648077.swf
311418221;Japan;NULL;BODY;0;/toonla/images/cn30/avatar/legacy-parts/201203/newbodyjapanswf17853298350107671.swf
311418515;Rainbow;NULL;BODY;0;/toonla/images/cn30/avatar/legacy-parts/201203/newbodyrainbowswf22013971243204513.swf
311418849;Sheep;NULL;BODY;0;/toonla/images/cn30/avatar/legacy-parts/201203/newbodysheepswf23180633349627615.swf
311419032;Stripes;NULL;BODY;0;/toonla/images/cn30/avatar/legacy-parts/201203/newbodystripesswf22576785748691846.swf
311419200;Stripesmall;NULL;BODY;0;/toonla/images/cn30/avatar/legacy-parts/201203/newbodystripesmallswf2369215857410143.swf
311419406;Triangles;NULL;BODY;0;/toonla/images/cn30/avatar/legacy-parts/201203/newbodytrianglesswf19590413923210936.swf
311419578;Water;NULL;BODY;0;/toonla/images/cn30/avatar/legacy-parts/201203/newbodywaterswf22405492482825995.swf
311419837;Wmelon;NULL;BODY;0;/toonla/images/cn30/avatar/legacy-parts/201203/newbodywmelonswf22430380486862944.swf
311420100;Default;NULL;BODY;0;/toonla/images/cn30/avatar/legacy-parts/201203/newbody_defaultswf21903316981702914.swf
366139084;Angel;NULL;BODY;0;/toonla/images/cn30/avatar/legacy-parts/201306/newbodylacqangelswf20718820073061255.swf
366139335;Jenny;NULL;BODY;0;/toonla/images/cn30/avatar/legacy-parts/201306/newbodylacqjennyswf2130333768495006.swf
366139485;Monche;NULL;BODY;0;/toonla/images/cn30/avatar/legacy-parts/201306/newbodylacqmoncheswf18976270912904414.swf
371901906;Default;NULL;BODY;0;/toonla/images/cn30/avatar/legacy-parts/201203/newbody_defaultswf21903316981702914.swf
371901907;Default;NULL;BODY;0;/toonla/images/cn30/avatar/legacy-parts/201203/newbody_defaultswf21903316981702914.swf
371901908;Default;NULL;BODY;0;/toonla/images/cn30/avatar/legacy-parts/201203/newbody_defaultswf21903316981702914.swf
371901909;Default;NULL;BODY;0;/toonla/images/cn30/avatar/legacy-parts/201203/newbody_defaultswf21903316981702914.swf
371901910;Default;NULL;BODY;0;/toonla/images/cn30/avatar/legacy-parts/201203/newbody_defaultswf21903316981702914.swf
371901912;Default;NULL;BODY;0;/toonla/images/cn30/avatar/legacy-parts/201203/newbody_defaultswf21903316981702914.swf
371901911;Default;NULL;BODY;0;/toonla/images/cn30/avatar/legacy-parts/201203/newbody_defaultswf21903316981702914.swf
311400244;Alien;NULL;EYE;0;/toonla/images/cn30/avatar/legacy-parts/201203/neweyesalienswf18808135922807914.swf
311400417;Arrow;NULL;EYE;0;/toonla/images/cn30/avatar/legacy-parts/201203/neweyesarrowswf22648178230095364.swf
311400561;Bloo;NULL;EYE;0;/toonla/images/cn30/avatar/legacy-parts/201203/neweyesblooswf22576785748691846.swf
311400697;Bubble;NULL;EYE;0;/toonla/images/cn30/avatar/legacy-parts/201203/neweyesbubbleswf18920946026904804.swf
311400880;Button;NULL;EYE;0;/toonla/images/cn30/avatar/legacy-parts/201203/neweyesbuttonswf2307496037913213.swf
311401008;Chinese;NULL;EYE;0;/toonla/images/cn30/avatar/legacy-parts/201203/neweyeschineseswf2089905111439398.swf
311401193;Crazy;NULL;EYE;0;/toonla/images/cn30/avatar/legacy-parts/201203/neweyescrazyswf23483048630481607.swf
311401311;Crux;NULL;EYE;0;/toonla/images/cn30/avatar/legacy-parts/201203/neweyescruxswf19637878273455551.swf
311401438;Default;NULL;EYE;0;/toonla/images/cn30/avatar/legacy-parts/201203/neweyesdefaultswf2285557309007774.swf
311401599;Fizzy;NULL;EYE;0;/toonla/images/cn30/avatar/legacy-parts/201203/neweyesfizzyswf2164352855784437.swf
311401806;Ninja;NULL;EYE;0;/toonla/images/cn30/avatar/legacy-parts/201203/neweyesninjaswf19030899869919435.swf
311401979;Possessed;NULL;EYE;0;/toonla/images/cn30/avatar/legacy-parts/201203/neweyespossessedswf20681858617461617.swf
311402133;Spiral;NULL;EYE;0;/toonla/images/cn30/avatar/legacy-parts/201203/neweyesspiralswf23283796034387376.swf
311402317;Trieye;NULL;EYE;0;/toonla/images/cn30/avatar/legacy-parts/201203/neweyestrieyeswf2285557309007774.swf
311402626;Bident;NULL;EYE;0;/toonla/images/cn30/avatar/legacy-parts/201203/newmouthbidentswf22576785748691846.swf
371901892;Default;NULL;EYE;0;/toonla/images/cn30/avatar/legacy-parts/201203/neweyesdefaultswf2285557309007774.swf
371901893;Default;NULL;EYE;0;/toonla/images/cn30/avatar/legacy-parts/201203/neweyesdefaultswf2285557309007774.swf
371901894;Default;NULL;EYE;0;/toonla/images/cn30/avatar/legacy-parts/201203/neweyesdefaultswf2285557309007774.swf
371901895;Default;NULL;EYE;0;/toonla/images/cn30/avatar/legacy-parts/201203/neweyesdefaultswf2285557309007774.swf
371901896;Default;NULL;EYE;0;/toonla/images/cn30/avatar/legacy-parts/201203/neweyesdefaultswf2285557309007774.swf
371901898;Default;NULL;EYE;0;/toonla/images/cn30/avatar/legacy-parts/201203/neweyesdefaultswf2285557309007774.swf
371901897;Default;NULL;EYE;0;/toonla/images/cn30/avatar/legacy-parts/201203/neweyesdefaultswf2285557309007774.swf
311390859;Afro;NULL;HEAD;0;/toonla/images/cn30/avatar/legacy-parts/201203/newheadafroswf20969100130080562.swf
311391094;Antennae;NULL;HEAD;0;/toonla/images/cn30/avatar/legacy-parts/201203/newheadantennaeswf2089905111439398.swf
311391249;Artichoke;NULL;HEAD;0;/toonla/images/cn30/avatar/legacy-parts/201203/newheadartichokeswf2093421685162235.swf
311391364;Bone;NULL;HEAD;0;/toonla/images/cn30/avatar/legacy-parts/201203/newheadboneswf16901960800285136.swf
311391491;Brain;NULL;HEAD;0;/toonla/images/cn30/avatar/legacy-parts/201203/newheadbrainswf20211892990699383.swf
311391585;Bull;NULL;HEAD;0;/toonla/images/cn30/avatar/legacy-parts/201203/newheadbullswf22479732663618064.swf
311391871;Bunny;NULL;HEAD;0;/toonla/images/cn30/avatar/legacy-parts/201203/newheadbunnyswf2123851640967086.swf
311392224;Buns;NULL;HEAD;0;/toonla/images/cn30/avatar/legacy-parts/201203/newheadbunsswf19777236052888478.swf
311392406;Classicman;NULL;HEAD;0;/toonla/images/cn30/avatar/legacy-parts/201203/newheadclassicmanswf2100370545117563.swf
311392541;Comb;NULL;HEAD;0;/toonla/images/cn30/avatar/legacy-parts/201203/newheadcombswf23263358609287517.swf
311392926;Default;NULL;HEAD;0;/toonla/images/cn30/avatar/legacy-parts/201203/newheaddefaultswf23820170425748683.swf
311393252;Doggy;NULL;HEAD;0;/toonla/images/cn30/avatar/legacy-parts/201203/newheaddoggyswf22121876044039577.swf
311393373;Fire;NULL;HEAD;0;/toonla/images/cn30/avatar/legacy-parts/201203/newheadfireswf19731278535996986.swf
311393489;Fishtank;NULL;HEAD;0;/toonla/images/cn30/avatar/legacy-parts/201203/newheadfishtankswf23384564936046046.swf
311393587;Fries;NULL;HEAD;0;/toonla/images/cn30/avatar/legacy-parts/201203/newheadfriesswf14471580313422192.swf
311393850;Glove;NULL;HEAD;0;/toonla/images/cn30/avatar/legacy-parts/201203/newheadgloveswf20086001717619175.swf
311394054;Grass;NULL;HEAD;0;/toonla/images/cn30/avatar/legacy-parts/201203/newheadgrassswf19684829485539352.swf
311394302;Groundbeef;NULL;HEAD;0;/toonla/images/cn30/avatar/legacy-parts/201203/newheadgroundbeefswf2060697840353612.swf
311394554;Headphones;NULL;HEAD;0;/toonla/images/cn30/avatar/legacy-parts/201203/newheadheadphonesswf21367205671564067.swf
311394752;Layared;NULL;HEAD;0;/toonla/images/cn30/avatar/legacy-parts/201203/newheadlayaredswf2220108088040055.swf
311394996;Mohawk;NULL;HEAD;0;/toonla/images/cn30/avatar/legacy-parts/201203/newheadmohawkswf2214843848047698.swf
311395227;Naruto;NULL;HEAD;0;/toonla/images/cn30/avatar/legacy-parts/201203/newheadnarutoswf19138138523837167.swf
311395374;Nigiri;NULL;HEAD;0;/toonla/images/cn30/avatar/legacy-parts/201203/newheadnigiriswf21367205671564067.swf
311395629;Paperbag;NULL;HEAD;0;/toonla/images/cn30/avatar/legacy-parts/201203/newheadpaperbagswf2383815365980431.swf
311396023;Pippi;NULL;HEAD;0;/toonla/images/cn30/avatar/legacy-parts/201203/newheadpippiswf2187520720836463.swf
311396434;Pontytail;NULL;HEAD;0;/toonla/images/cn30/avatar/legacy-parts/201203/newheadponytailswf22528530309798933.swf
311396580;Ponytail;NULL;HEAD;0;/toonla/images/cn30/avatar/legacy-parts/201203/newheadponytailswf21760912590556813.swf
311396887;Ringlets;NULL;HEAD;0;/toonla/images/cn30/avatar/legacy-parts/201203/newheadringletsswf2110589710299249.swf
311397024;Saw;2;HEAD;0;/toonla/images/cn30/avatar/legacy-parts/201203/newheadsawswf18512583487190752.swf
311397191;Sheep;NULL;HEAD;0;/toonla/images/cn30/avatar/legacy-parts/201203/newheadsheepswf22528530309798933.swf
311397288;Shirleytemple;NULL;HEAD;0;/toonla/images/cn30/avatar/legacy-parts/201203/newheadshirleytempleswf23404441148401185.swf
311398246;Sidefringe;NULL;HEAD;0;/toonla/images/cn30/avatar/legacy-parts/201203/newheadsidefringeswf19395192526186185.swf
311398776;Sleepcap;NULL;HEAD;0;/toonla/images/cn30/avatar/legacy-parts/201203/newheadsleepcapswf18195439355418688.swf
311399252;Speaker;NULL;HEAD;0;/toonla/images/cn30/avatar/legacy-parts/201203/newheadspeakerswf2161368002234975.swf
311399457;Straight;NULL;HEAD;0;/toonla/images/cn30/avatar/legacy-parts/201203/newheadstraightswf2060697840353612.swf
311399588;Supersaiyan;NULL;HEAD;0;/toonla/images/cn30/avatar/legacy-parts/201203/newheadsupersaiyanswf22528530309798933.swf
311399708;Tails;NULL;HEAD;0;/toonla/images/cn30/avatar/legacy-parts/201203/newheadtailsswf21583624920952498.swf
311399921;Teeth;NULL;HEAD;0;/toonla/images/cn30/avatar/legacy-parts/201203/newheadteethswf199563519459755.swf
311400039;Toast;NULL;HEAD;0;/toonla/images/cn30/avatar/legacy-parts/201203/newheadtoastswf2230448921378274.swf
333373786;Stopwatch;NULL;HEAD;0;/toonla/images/cn30/avatar/legacy-parts/201207/newheadstopwatchswf21522883443830563.swf
333374202;Drinkinghat;NULL;HEAD;0;/toonla/images/cn30/avatar/legacy-parts/201207/newheaddrinkinghatswf2204119982655925.swf
371901885;Default;NULL;HEAD;0;/toonla/images/cn30/avatar/legacy-parts/201203/newheaddefaultswf23820170425748683.swf
371901886;Default;NULL;HEAD;0;/toonla/images/cn30/avatar/legacy-parts/201203/newheaddefaultswf23820170425748683.swf
371901887;Default;NULL;HEAD;0;/toonla/images/cn30/avatar/legacy-parts/201203/newheaddefaultswf23820170425748683.swf
371901888;Default;NULL;HEAD;0;/toonla/images/cn30/avatar/legacy-parts/201203/newheaddefaultswf23820170425748683.swf
371901889;Default;NULL;HEAD;0;/toonla/images/cn30/avatar/legacy-parts/201203/newheaddefaultswf23820170425748683.swf
371901891;Default;NULL;HEAD;0;/toonla/images/cn30/avatar/legacy-parts/201203/newheaddefaultswf23820170425748683.swf
371901890;Default;NULL;HEAD;0;/toonla/images/cn30/avatar/legacy-parts/201203/newheaddefaultswf23820170425748683.swf
311402789;Bunny;NULL;MOUTH;0;/toonla/images/cn30/avatar/legacy-parts/201203/newmouthbunnyswf1806179973983887.swf
311403046;Default;NULL;MOUTH;0;/toonla/images/cn30/avatar/legacy-parts/201203/newmouthdefaultswf2220108088040055.swf
311403173;Dotted;NULL;MOUTH;0;/toonla/images/cn30/avatar/legacy-parts/201203/newmouthdottedswf17708520116421442.swf
311403326;Fangs;NULL;MOUTH;0;/toonla/images/cn30/avatar/legacy-parts/201203/newmouthfangsswf18129133566428555.swf
311407127;Gap;NULL;MOUTH;0;/toonla/images/cn30/avatar/legacy-parts/201203/newmouthgapswf17558748556724915.swf
311407352;Lips;NULL;MOUTH;0;/toonla/images/cn30/avatar/legacy-parts/201203/newmouthlipsswf2250420002308894.swf
311407490;Pico;NULL;MOUTH;0;/toonla/images/cn30/avatar/legacy-parts/201203/newmouthpicoswf23909351071033793.swf
311407694;Pig;NULL;MOUTH;0;/toonla/images/cn30/avatar/legacy-parts/201203/newmouthpigswf224551266781415.swf
311408096;Teeth;NULL;MOUTH;0;/toonla/images/cn30/avatar/legacy-parts/201203/newmouthteethswf19084850188786497.swf
311408432;Vibes;NULL;MOUTH;0;/toonla/images/cn30/avatar/legacy-parts/201203/newmouthvibesswf11760912590556813.swf
311408539;Zigzag;NULL;MOUTH;0;/toonla/images/cn30/avatar/legacy-parts/201203/newmouthzigzagswf2278753600952829.swf
371901899;Default;NULL;MOUTH;0;/toonla/images/cn30/avatar/legacy-parts/201203/newmouthdefaultswf2220108088040055.swf
371901900;Default;NULL;MOUTH;0;/toonla/images/cn30/avatar/legacy-parts/201203/newmouthdefaultswf2220108088040055.swf
371901901;Default;NULL;MOUTH;0;/toonla/images/cn30/avatar/legacy-parts/201203/newmouthdefaultswf2220108088040055.swf
371901902;Default;NULL;MOUTH;0;/toonla/images/cn30/avatar/legacy-parts/201203/newmouthdefaultswf2220108088040055.swf
371901903;Default;NULL;MOUTH;0;/toonla/images/cn30/avatar/legacy-parts/201203/newmouthdefaultswf2220108088040055.swf
371901905;Default;NULL;MOUTH;0;/toonla/images/cn30/avatar/legacy-parts/201203/newmouthdefaultswf2220108088040055.swf
371901904;Default;NULL;MOUTH;0;/toonla/images/cn30/avatar/legacy-parts/201203/newmouthdefaultswf2220108088040055.swf