Cube_item_id;Type_id;Type;Price;Extra_properties;Children_elements;Is_default_owned
1;structure_cube;structure;0;{"availableInCatalog": true};{"areas": [{"id": "floor", "defaultCovering": "floor_default", "preferredView": "d0"}, {"id": "wall_left", "defaultCovering": "wall_default", "preferredView": "d135", "forceView": "d135"}, {"id": "wall_right", "defaultCovering": "wall_default", "preferredView": "d45", "forceView": "d45"}, {"id": "wall_back", "defaultCovering": "wall_default", "preferredView": "d0", "forceView": "d0"}, {"id": "ceiling", "preferredView": "d0"}], "graphicURL": {"value": "<![CDATA[ ${scene_assets_path}/home/cubo.swf  ]]>"}};1
2;covering_mm_floor;covering;30;{"availableInCatalog": true};{"graphicURL": {"attributes": [{"name": "instance", "value": "floor"}], "value": "<![CDATA[   ${scene_elements}/covering_mm.swf ]]>"}};1
3;mesa_pirula;mobile;100;{"availabilityDaysFromBuy": 10, "availableInCatalog": true, "freeOfChargeAmount": 5, "isNew": true};{"avatarHomeItemBuilder": {"attributes": [{"name": "use", "value": "default"}]}, "graphicURL": {"value": "<![CDATA[   ${scene_elements}/mesa.swf ]]>"}, "names": [{"lang": "es", "value": "Mesa Pirula"}]};1
4;chair_bat;mobile;500;{"availableInCatalog": true};{"avatarHomeItemBuilder": {"attributes": [{"name": "use", "value": "default"}]}, "graphicURL": {"value": "<![CDATA[   ${scene_elements}/chair_bat.swf ]]>"}}
5;chair_cebollita;mobile;200;{"availableInCatalog": true};{"avatarHomeItemBuilder": {"attributes": [{"name": "use", "value": "default"}]}, "graphicURL": {"value": "<![CDATA[   ${scene_elements}/chair_cebollita.swf ]]>"}}
6;chair_centipede;mobile;700;{"availableInCatalog": true};{"avatarHomeItemBuilder": {"attributes": [{"name": "use", "value": "default"}]}, "graphicURL": {"value": "<![CDATA[   ${scene_elements}/chair_centipede.swf ]]>"}}
7;chair_furry;mobile;50;{"availableInCatalog": true};{"avatarHomeItemBuilder": {"attributes": [{"name": "use", "value": "default"}]}, "graphicURL": {"value": "<![CDATA[   ${scene_elements}/chair_furry.swf ]]>"}}
8;covering_mm_left;covering;10;{"availableInCatalog": true};{"graphicURL": {"attributes": [{"name": "instance", "value": "wall_left"}], "value": "<![CDATA[   ${scene_elements}/covering_mm.swf ]]>"}};1
9;covering_mm_right;covering;10;{"availableInCatalog": true};{"graphicURL": {"attributes": [{"name": "instance", "value": "wall_right"}], "value": "<![CDATA[   ${scene_elements}/covering_mm.swf ]]>"}};1
10;covering_mm_back;covering;10;{"availableInCatalog": true};{"graphicURL": {"attributes": [{"name": "instance", "value": "wall_back"}], "value": "<![CDATA[   ${scene_elements}/covering_mm.swf ]]>"}};1
11;balloonlight;mobile;70;{"availableInCatalog": false, "disableColorChange": true};{"avatarHomeItemBuilder": {"attributes": [{"name": "use", "value": "bistatus"}]}, "graphicURL": {"value": "<![CDATA[   ${scene_elements}/balloonlight.swf ]]>"}}
12;brazilbts2013_gift;mobile;300000;{"availableInCatalog": false, "disableColorChange": true};{"avatarHomeItemBuilder": {"attributes": [{"name": "use", "value": "brazilbts2013Gift"}], "value": "{\"costumeProduccion\": 350366935, \"costumeContribucion\": 77334049, \"applyCostumeTrackMilestone\": {\"name\": \"award\", \"id\": \"{prize, Brazil BTS 2013}\"}}"}, "graphicURL": {"value": "<![CDATA[   ${scene_elements}/brazilbts2013_gift.swf ]]>"}, "preferredDropPoint": {"attributes": [{"name": "area", "value": "floor"}, {"name": "viewName", "value": "d45"}, {"name": "x", "value": "620"}, {"name": "y", "value": "540"}]}}
13;bunnylight;mobile;70;{"availableInCatalog": false, "disableColorChange": true};{"avatarHomeItemBuilder": {"attributes": [{"name": "use", "value": "bistatus"}]}, "graphicURL": {"value": "<![CDATA[   ${scene_elements}/bunnylight.swf ]]>"}}
14;cactushanger;mobile;70;{"availableInCatalog": false, "disableColorChange": true};{"avatarHomeItemBuilder": {"attributes": [{"name": "use", "value": "default"}]}, "graphicURL": {"value": "<![CDATA[   ${scene_elements}/cactushanger.swf ]]>"}}
15;carpet_egg;mobile;50;{"availableInCatalog": true};{"avatarHomeItemBuilder": {"attributes": [{"name": "use", "value": "default"}]}, "graphicURL": {"value": "<![CDATA[   ${scene_elements}/carpet_egg.swf ]]>"}}
16;carreracartoon2012_hamsterwheel;mobile;300000;{"availableInCatalog": false, "disableColorChange": true};{"avatarHomeItemBuilder": {"attributes": [{"name": "use", "value": "carreraCartoon2012HamsterWheel"}]}, "graphicURL": {"value": "<![CDATA[   ${scene_elements}/carreracartoon2012_hamsterwheel.swf ]]>"}, "preferredDropPoint": {"attributes": [{"name": "area", "value": "floor"}, {"name": "viewName", "value": "d45"}, {"name": "x", "value": "700"}, {"name": "y", "value": "645"}]}}
17;chair_monica;mobile;200;{"availableInCatalog": true};{"avatarHomeItemBuilder": {"attributes": [{"name": "use", "value": "default"}]}, "graphicURL": {"value": "<![CDATA[   ${scene_elements}/chair_monica.swf ]]>"}}
18;chair_pegajosas;mobile;500;{"availabilityDaysFromBuy": "default", "availableInCatalog": true, "disableColorChange": true, "from": "2010-06-29T10:30:00", "to": "2011-12-30T10:30:00"};{"avatarHomeItemBuilder": {"attributes": [{"name": "use", "value": "default"}]}, "graphicURL": {"value": "<![CDATA[   ${scene_elements}/pegajosas_chair.swf ]]>"}}
19;chair_triangles;mobile;400;{"availableInCatalog": true};{"avatarHomeItemBuilder": {"attributes": [{"name": "use", "value": "default"}]}, "graphicURL": {"value": "<![CDATA[   ${scene_elements}/chair_triangles.swf ]]>"}}
20;chiclesplot_dispenser;mobile;300000;{"availableInCatalog": false, "disableColorChange": true, "isNew": true};{"avatarHomeItemBuilder": {"attributes": [{"name": "use", "value": "chicleSplotDispenser"}]}, "graphicURL": {"value": "<![CDATA[   ${scene_elements}/chiclesplot_dispenser.swf ]]>"}, "preferredDropPoint": {"attributes": [{"name": "area", "value": "floor"}, {"name": "viewName", "value": "d45"}, {"name": "x", "value": "400"}, {"name": "y", "value": "540"}]}}
21;chocokrispis_carpet;mobile;50;{"availableInCatalog": true, "disableColorChange": true, "isNew": true};{"avatarHomeItemBuilder": {"attributes": [{"name": "use", "value": "chocoKrispisCarpet"}]}, "graphicURL": {"value": "<![CDATA[   ${scene_elements}/chocokrispis_carpet.swf ]]>"}, "preferredDropPoint": {"attributes": [{"name": "area", "value": "floor"}, {"name": "viewName", "value": "d45"}, {"name": "x", "value": "670"}, {"name": "y", "value": "530"}]}}
22;chocokrispis_dispenser;mobile;300000;{"availableInCatalog": true, "disableColorChange": true, "isNew": true};{"avatarHomeItemBuilder": {"attributes": [{"name": "use", "value": "chocokrispisDispenser"}]}, "graphicURL": {"value": "<![CDATA[   ${scene_elements}/chocokrispis_dispenser.swf ]]>"}, "preferredDropPoint": {"attributes": [{"name": "area", "value": "floor"}, {"name": "viewName", "value": "d45"}, {"name": "x", "value": "400"}, {"name": "y", "value": "540"}]}}
23;chocokrispis_pet;mobile;20;{"availableInCatalog": true, "disableColorChange": true, "isNew": true};{"avatarHomeItemBuilder": {"attributes": [{"name": "use", "value": "mascotaBasica"}]}, "graphicURL": {"value": "<![CDATA[   ${scene_elements}/chocokrispis_pet.swf ]]>"}, "preferredDropPoint": {"attributes": [{"name": "area", "value": "floor"}, {"name": "viewName", "value": "d45"}, {"name": "x", "value": "250"}, {"name": "y", "value": "625"}]}}
24;clock_camera;mobile;300;{"availableInCatalog": true};{"avatarHomeItemBuilder": {"attributes": [{"name": "use", "value": "default"}]}, "graphicURL": {"value": "<![CDATA[   ${scene_elements}/clock_camera.swf ]]>"}}
25;clock_moon;mobile;75;{"availableInCatalog": true, "disableColorChange": true};{"avatarHomeItemBuilder": {"attributes": [{"name": "use", "value": "default"}]}, "graphicURL": {"value": "<![CDATA[   ${scene_elements}/clock_moon.swf ]]>"}}
26;clock_racoon;mobile;300;{"availableInCatalog": true};{"avatarHomeItemBuilder": {"attributes": [{"name": "use", "value": "bistatus"}]}, "graphicURL": {"value": "<![CDATA[   ${scene_elements}/clock_racoon.swf ]]>"}}
27;clock_squirrel;mobile;500;{"availableInCatalog": true};{"avatarHomeItemBuilder": {"attributes": [{"name": "use", "value": "default"}]}, "graphicURL": {"value": "<![CDATA[   ${scene_elements}/clock_squirrel.swf ]]>"}}
28;copatoon2012_trophylight;mobile;300000;{"availableInCatalog": false, "disableColorChange": true};{"avatarHomeItemBuilder": {"attributes": [{"name": "use", "value": "applyCostume"}], "value": "{\"costumeProduccion\": 329186983, \"costumeContribucion\": 77329093, \"applyCostumeTrackMilestone\": {\"name\": \"award\", \"id\": \"{prize, Copa Toon 2012}\"}}"}, "graphicURL": {"value": "<![CDATA[   ${scene_elements}/object.trophylight.swf ]]>"}, "preferredDropPoint": {"attributes": [{"name": "area", "value": "floor"}, {"name": "viewName", "value": "d45"}, {"name": "x", "value": "790"}, {"name": "y", "value": "540"}]}}
29;covering_ben10_back;covering;20;{"availableInCatalog": true, "isNew": true};{"graphicURL": {"attributes": [{"name": "instance", "value": "wall_back"}], "value": "<![CDATA[   ${scene_elements}/covering_ben10.swf ]]>"}}
30;covering_ben10_floor;covering;50;{"availableInCatalog": true, "isNew": true};{"graphicURL": {"attributes": [{"name": "instance", "value": "floor"}], "value": "<![CDATA[   ${scene_elements}/covering_ben10.swf ]]>"}}
31;covering_ben10_left;covering;20;{"availableInCatalog": true, "isNew": true};{"graphicURL": {"attributes": [{"name": "instance", "value": "wall_left"}], "value": "<![CDATA[   ${scene_elements}/covering_ben10.swf ]]>"}}
32;covering_ben10_right;covering;20;{"availableInCatalog": true, "isNew": true};{"graphicURL": {"attributes": [{"name": "instance", "value": "wall_right"}], "value": "<![CDATA[   ${scene_elements}/covering_ben10.swf ]]>"}}
33;covering_chevron_back;covering;10;{"availableInCatalog": true};{"graphicURL": {"attributes": [{"name": "instance", "value": "wall_back"}], "value": "<![CDATA[   ${scene_elements}/covering_chevron.swf ]]>"}}
34;covering_chevron_floor;covering;30;{"availableInCatalog": true};{"graphicURL": {"attributes": [{"name": "instance", "value": "floor"}], "value": "<![CDATA[   ${scene_elements}/covering_chevron.swf ]]>"}}
35;covering_chevron_left;covering;10;{"availableInCatalog": true};{"graphicURL": {"attributes": [{"name": "instance", "value": "wall_left"}], "value": "<![CDATA[   ${scene_elements}/covering_chevron.swf ]]>"}}
36;covering_chevron_right;covering;10;{"availableInCatalog": true};{"graphicURL": {"attributes": [{"name": "instance", "value": "wall_right"}], "value": "<![CDATA[   ${scene_elements}/covering_chevron.swf ]]>"}}
37;covering_circles_back;covering;10;{"availableInCatalog": true};{"graphicURL": {"attributes": [{"name": "instance", "value": "wall_back"}], "value": "<![CDATA[   ${scene_elements}/covering_circles.swf ]]>"}}
38;covering_circles_floor;covering;30;{"availableInCatalog": true};{"graphicURL": {"attributes": [{"name": "instance", "value": "floor"}], "value": "<![CDATA[   ${scene_elements}/covering_circles.swf ]]>"}}
39;covering_circles_left;covering;10;{"availableInCatalog": true};{"graphicURL": {"attributes": [{"name": "instance", "value": "wall_left"}], "value": "<![CDATA[   ${scene_elements}/covering_circles.swf ]]>"}}
40;covering_circles_right;covering;10;{"availableInCatalog": true};{"graphicURL": {"attributes": [{"name": "instance", "value": "wall_right"}], "value": "<![CDATA[   ${scene_elements}/covering_circles.swf ]]>"}}
41;covering_monica_bidu_back;covering;20;{"availableInCatalog": true, "isNew": true};{"graphicURL": {"attributes": [{"name": "instance", "value": "wall_back"}], "value": "<![CDATA[   ${scene_elements}/covering_monica_bidu.swf ]]>"}}
42;covering_monica_bidu_floor;covering;30;{"availableInCatalog": true, "isNew": true};{"graphicURL": {"attributes": [{"name": "instance", "value": "floor"}], "value": "<![CDATA[   ${scene_elements}/covering_monica_bidu.swf ]]>"}}
43;covering_monica_bidu_left;covering;20;{"availableInCatalog": true, "isNew": true};{"graphicURL": {"attributes": [{"name": "instance", "value": "wall_left"}], "value": "<![CDATA[   ${scene_elements}/covering_monica_bidu.swf ]]>"}}
44;covering_monica_bidu_right;covering;20;{"availableInCatalog": true, "isNew": true};{"graphicURL": {"attributes": [{"name": "instance", "value": "wall_right"}], "value": "<![CDATA[   ${scene_elements}/covering_monica_bidu.swf ]]>"}}
45;covering_monica_exterior_back;covering;20;{"availableInCatalog": true, "isNew": true};{"graphicURL": {"attributes": [{"name": "instance", "value": "wall_back"}], "value": "<![CDATA[   ${scene_elements}/covering_monica_exterior.swf ]]>"}}
46;covering_monica_exterior_floor;covering;30;{"availableInCatalog": true, "isNew": true};{"graphicURL": {"attributes": [{"name": "instance", "value": "floor"}], "value": "<![CDATA[   ${scene_elements}/covering_monica_exterior.swf ]]>"}}
47;covering_monica_exterior_left;covering;20;{"availableInCatalog": true, "isNew": true};{"graphicURL": {"attributes": [{"name": "instance", "value": "wall_left"}], "value": "<![CDATA[   ${scene_elements}/covering_monica_exterior.swf ]]>"}}
48;covering_monica_exterior_right;covering;20;{"availableInCatalog": true, "isNew": true};{"graphicURL": {"attributes": [{"name": "instance", "value": "wall_right"}], "value": "<![CDATA[   ${scene_elements}/covering_monica_exterior.swf ]]>"}}
49;covering_monica_fruits_back;covering;20;{"availableInCatalog": true, "isNew": true};{"graphicURL": {"attributes": [{"name": "instance", "value": "wall_back"}], "value": "<![CDATA[   ${scene_elements}/covering_monica_fruits.swf ]]>"}}
50;covering_monica_fruits_floor;covering;30;{"availableInCatalog": true, "isNew": true};{"graphicURL": {"attributes": [{"name": "instance", "value": "floor"}], "value": "<![CDATA[   ${scene_elements}/covering_monica_fruits.swf ]]>"}}
51;covering_monica_fruits_left;covering;20;{"availableInCatalog": true, "isNew": true};{"graphicURL": {"attributes": [{"name": "instance", "value": "wall_left"}], "value": "<![CDATA[   ${scene_elements}/covering_monica_fruits.swf ]]>"}}
52;covering_monica_fruits_right;covering;20;{"availableInCatalog": true, "isNew": true};{"graphicURL": {"attributes": [{"name": "instance", "value": "wall_right"}], "value": "<![CDATA[   ${scene_elements}/covering_monica_fruits.swf ]]>"}}
53;covering_orangebubbles_back;covering;10;{"availableInCatalog": true};{"graphicURL": {"attributes": [{"name": "instance", "value": "wall_back"}], "value": "<![CDATA[   ${scene_elements}/covering_orangebubbles.swf ]]>"}}
54;covering_orangebubbles_left;covering;10;{"availableInCatalog": true};{"graphicURL": {"attributes": [{"name": "instance", "value": "wall_left"}], "value": "<![CDATA[   ${scene_elements}/covering_orangebubbles.swf ]]>"}}
55;covering_orangebubbles_right;covering;10;{"availableInCatalog": true};{"graphicURL": {"attributes": [{"name": "instance", "value": "wall_right"}], "value": "<![CDATA[   ${scene_elements}/covering_orangebubbles.swf ]]>"}}
56;covering_polka_back;covering;10;{"availableInCatalog": true};{"graphicURL": {"attributes": [{"name": "instance", "value": "wall_back"}], "value": "<![CDATA[   ${scene_elements}/covering_polka.swf ]]>"}}
57;covering_polka_left;covering;10;{"availableInCatalog": true};{"graphicURL": {"attributes": [{"name": "instance", "value": "wall_left"}], "value": "<![CDATA[   ${scene_elements}/covering_polka.swf ]]>"}}
58;covering_polka_right;covering;10;{"availableInCatalog": true};{"graphicURL": {"attributes": [{"name": "instance", "value": "wall_right"}], "value": "<![CDATA[   ${scene_elements}/covering_polka.swf ]]>"}}
59;covering_soccer_floor;covering;40;{"availableInCatalog": true};{"graphicURL": {"attributes": [{"name": "instance", "value": "floor"}], "value": "<![CDATA[   ${scene_elements}/covering_soccer.swf ]]>"}}
60;covering_weirds_back;covering;10;{"availableInCatalog": true};{"graphicURL": {"attributes": [{"name": "instance", "value": "wall_back"}], "value": "<![CDATA[   ${scene_elements}/covering_weirds.swf ]]>"}}
61;covering_weirds_floor;covering;30;{"availableInCatalog": true};{"graphicURL": {"attributes": [{"name": "instance", "value": "floor"}], "value": "<![CDATA[   ${scene_elements}/covering_weirds.swf ]]>"}}
62;covering_weirds_left;covering;10;{"availableInCatalog": true};{"graphicURL": {"attributes": [{"name": "instance", "value": "wall_left"}], "value": "<![CDATA[   ${scene_elements}/covering_weirds.swf ]]>"}}
63;covering_weirds_right;covering;10;{"availableInCatalog": true};{"graphicURL": {"attributes": [{"name": "instance", "value": "wall_right"}], "value": "<![CDATA[   ${scene_elements}/covering_weirds.swf ]]>"}}
64;covering_wmelon_back;covering;10;{"availableInCatalog": true};{"graphicURL": {"attributes": [{"name": "instance", "value": "wall_back"}], "value": "<![CDATA[   ${scene_elements}/covering_wmelon.swf ]]>"}}
65;covering_wmelon_left;covering;10;{"availableInCatalog": true};{"graphicURL": {"attributes": [{"name": "instance", "value": "wall_left"}], "value": "<![CDATA[   ${scene_elements}/covering_wmelon.swf ]]>"}}
66;covering_wmelon_right;covering;10;{"availableInCatalog": true};{"graphicURL": {"attributes": [{"name": "instance", "value": "wall_right"}], "value": "<![CDATA[   ${scene_elements}/covering_wmelon.swf ]]>"}}
67;cube_flower;mobile;40;{"availableInCatalog": true};{"avatarHomeItemBuilder": {"attributes": [{"name": "use", "value": "default"}]}, "graphicURL": {"value": "<![CDATA[   ${scene_elements}/cube_flower.swf ]]>"}}
68;cube_furry;mobile;30;{"availableInCatalog": true, "freeOfChargeAmount": 1};{"avatarHomeItemBuilder": {"attributes": [{"name": "use", "value": "default"}]}, "graphicURL": {"value": "<![CDATA[   ${scene_elements}/cube_furry.swf ]]>"}}
69;cube_panda;mobile;50;{"availableInCatalog": true};{"avatarHomeItemBuilder": {"attributes": [{"name": "use", "value": "default"}]}, "graphicURL": {"value": "<![CDATA[   ${scene_elements}/cube_panda.swf ]]>"}}
70;cubotchinception;mobile;70;{"availableInCatalog": false, "disableColorChange": true};{"avatarHomeItemBuilder": {"attributes": [{"name": "use", "value": "default"}]}, "graphicURL": {"value": "<![CDATA[   ${scene_elements}/cubotchinception.swf ]]>"}}
71;darwin_fishtank;mobile;50;{"availableInCatalog": true, "disableColorChange": true, "isNew": true};{"avatarHomeItemBuilder": {"attributes": [{"name": "use", "value": "default"}]}, "graphicURL": {"value": "<![CDATA[   ${scene_elements}/darwin_fishtank.swf ]]>"}}
72;deerbot;mobile;70;{"availableInCatalog": false, "disableColorChange": true};{"avatarHomeItemBuilder": {"attributes": [{"name": "use", "value": "bistatus"}]}, "graphicURL": {"value": "<![CDATA[   ${scene_elements}/deerbot.swf ]]>"}}
73;earthday_tree01;mobile;0;{"availableInCatalog": false, "disableColorChange": true};{"avatarHomeItemBuilder": {"attributes": [{"name": "use", "value": "earthDayTree"}]}, "graphicURL": {"value": "<![CDATA[   ${scene_elements}/earthday_tree01.swf ]]>"}, "preferredDropPoint": {"attributes": [{"name": "area", "value": "floor"}, {"name": "viewName", "value": "d45"}, {"name": "x", "value": "519"}, {"name": "y", "value": "571"}]}}
74;earthday_tree02;mobile;0;{"availableInCatalog": false, "disableColorChange": true};{"avatarHomeItemBuilder": {"attributes": [{"name": "use", "value": "earthDayTree"}]}, "graphicURL": {"value": "<![CDATA[   ${scene_elements}/earthday_tree02.swf ]]>"}, "preferredDropPoint": {"attributes": [{"name": "area", "value": "floor"}, {"name": "viewName", "value": "d225"}, {"name": "x", "value": "619"}, {"name": "y", "value": "571"}]}}
75;earthday_tree03;mobile;0;{"availableInCatalog": false, "disableColorChange": true};{"avatarHomeItemBuilder": {"attributes": [{"name": "use", "value": "earthDayTree"}]}, "graphicURL": {"value": "<![CDATA[   ${scene_elements}/earthday_tree03.swf ]]>"}, "preferredDropPoint": {"attributes": [{"name": "area", "value": "floor"}, {"name": "viewName", "value": "d225"}, {"name": "x", "value": "419"}, {"name": "y", "value": "571"}]}}
76;earthday_tree04;mobile;0;{"availableInCatalog": false, "disableColorChange": true};{"avatarHomeItemBuilder": {"attributes": [{"name": "use", "value": "earthDayTree"}]}, "graphicURL": {"value": "<![CDATA[   ${scene_elements}/earthday_tree04.swf ]]>"}, "preferredDropPoint": {"attributes": [{"name": "area", "value": "floor"}, {"name": "viewName", "value": "d225"}, {"name": "x", "value": "719"}, {"name": "y", "value": "571"}]}}
77;flag_argentina;mobile;70;{"availableInCatalog": true, "disableColorChange": true};{"avatarHomeItemBuilder": {"attributes": [{"name": "use", "value": "default"}]}, "graphicURL": {"value": "<![CDATA[   ${scene_elements}/flag_argentina.swf ]]>"}}
78;flag_bolivia;mobile;70;{"availableInCatalog": true, "disableColorChange": true};{"avatarHomeItemBuilder": {"attributes": [{"name": "use", "value": "default"}]}, "graphicURL": {"value": "<![CDATA[   ${scene_elements}/flag_bolivia.swf ]]>"}}
79;flag_brasil;mobile;70;{"availableInCatalog": true, "disableColorChange": true};{"avatarHomeItemBuilder": {"attributes": [{"name": "use", "value": "default"}]}, "graphicURL": {"value": "<![CDATA[   ${scene_elements}/flag_brasil.swf ]]>"}}
80;flag_chile;mobile;70;{"availableInCatalog": true, "disableColorChange": true};{"avatarHomeItemBuilder": {"attributes": [{"name": "use", "value": "default"}]}, "graphicURL": {"value": "<![CDATA[   ${scene_elements}/flag_chile.swf ]]>"}}
81;flag_colombia;mobile;70;{"availableInCatalog": true, "disableColorChange": true};{"avatarHomeItemBuilder": {"attributes": [{"name": "use", "value": "default"}]}, "graphicURL": {"value": "<![CDATA[   ${scene_elements}/flag_colombia.swf ]]>"}}
82;flag_ecuador;mobile;70;{"availableInCatalog": true, "disableColorChange": true};{"avatarHomeItemBuilder": {"attributes": [{"name": "use", "value": "default"}]}, "graphicURL": {"value": "<![CDATA[   ${scene_elements}/flag_ecuador.swf ]]>"}}
83;flag_mexico;mobile;70;{"availableInCatalog": true, "disableColorChange": true};{"avatarHomeItemBuilder": {"attributes": [{"name": "use", "value": "default"}]}, "graphicURL": {"value": "<![CDATA[   ${scene_elements}/flag_mexico.swf ]]>"}}
84;flag_paraguay;mobile;70;{"availableInCatalog": true, "disableColorChange": true};{"avatarHomeItemBuilder": {"attributes": [{"name": "use", "value": "default"}]}, "graphicURL": {"value": "<![CDATA[   ${scene_elements}/flag_paraguay.swf ]]>"}}
85;flag_peru;mobile;70;{"availableInCatalog": true, "disableColorChange": true};{"avatarHomeItemBuilder": {"attributes": [{"name": "use", "value": "default"}]}, "graphicURL": {"value": "<![CDATA[   ${scene_elements}/flag_peru.swf ]]>"}}
86;flag_uruguay;mobile;70;{"availableInCatalog": true, "disableColorChange": true};{"avatarHomeItemBuilder": {"attributes": [{"name": "use", "value": "default"}]}, "graphicURL": {"value": "<![CDATA[   ${scene_elements}/flag_uruguay.swf ]]>"}}
87;flag_venezuela;mobile;70;{"availableInCatalog": true, "disableColorChange": true};{"avatarHomeItemBuilder": {"attributes": [{"name": "use", "value": "default"}]}, "graphicURL": {"value": "<![CDATA[   ${scene_elements}/flag_venezuela.swf ]]>"}}
88;frame_ben10_01;mobile;50;{"availableInCatalog": true, "disableColorChange": true};{"avatarHomeItemBuilder": {"attributes": [{"name": "use", "value": "default"}]}, "graphicURL": {"value": "<![CDATA[   ${scene_elements}/frame_ben10_01.swf ]]>"}}
89;frame_ben10_02;mobile;70;{"availableInCatalog": true, "disableColorChange": true};{"avatarHomeItemBuilder": {"attributes": [{"name": "use", "value": "default"}]}, "graphicURL": {"value": "<![CDATA[   ${scene_elements}/frame_ben10_02.swf ]]>"}}
90;frame_darwin;mobile;30;{"availableInCatalog": true, "disableColorChange": true, "isNew": true};{"avatarHomeItemBuilder": {"attributes": [{"name": "use", "value": "default"}]}, "graphicURL": {"value": "<![CDATA[   ${scene_elements}/frame_darwin.swf ]]>"}}
91;frame_earthday01;mobile;70;{"availableInCatalog": true, "disableColorChange": true};{"avatarHomeItemBuilder": {"attributes": [{"name": "use", "value": "default"}]}, "graphicURL": {"value": "<![CDATA[   ${scene_elements}/frame_earthday01.swf ]]>"}}
92;frame_earthday02;mobile;70;{"availableInCatalog": true, "disableColorChange": true};{"avatarHomeItemBuilder": {"attributes": [{"name": "use", "value": "default"}]}, "graphicURL": {"value": "<![CDATA[   ${scene_elements}/frame_earthday02.swf ]]>"}}
93;frame_finn;mobile;100;{"availableInCatalog": false, "disableColorChange": true};{"avatarHomeItemBuilder": {"attributes": [{"name": "use", "value": "default"}]}, "graphicURL": {"value": "<![CDATA[   ${scene_elements}/frame_finn.swf ]]>"}, "names": [{"lang": "es", "value": "Cuadro Finn"}, {"lang": "pt", "value": "Quadro Finn"}]}
94;frame_grex01;mobile;30;{"availableInCatalog": true, "disableColorChange": true, "isNew": true};{"avatarHomeItemBuilder": {"attributes": [{"name": "use", "value": "default"}]}, "graphicURL": {"value": "<![CDATA[   ${scene_elements}/frame_grex01.swf ]]>"}}
95;frame_gumball;mobile;30;{"availableInCatalog": true, "disableColorChange": true, "isNew": true};{"avatarHomeItemBuilder": {"attributes": [{"name": "use", "value": "default"}]}, "graphicURL": {"value": "<![CDATA[   ${scene_elements}/frame_gumball.swf ]]>"}}
96;frame_jake;mobile;100;{"availableInCatalog": false, "disableColorChange": true};{"avatarHomeItemBuilder": {"attributes": [{"name": "use", "value": "default"}]}, "graphicURL": {"value": "<![CDATA[   ${scene_elements}/frame_jake.swf ]]>"}, "names": [{"lang": "es", "value": "Cuadro Jake"}, {"lang": "pt", "value": "Quadro Jake"}]}
97;frame_princess;mobile;100;{"availableInCatalog": false, "disableColorChange": true};{"avatarHomeItemBuilder": {"attributes": [{"name": "use", "value": "default"}]}, "graphicURL": {"value": "<![CDATA[   ${scene_elements}/frame_princess.swf ]]>"}, "names": [{"lang": "es", "value": "Cuadro Dulce Princesa"}, {"lang": "pt", "value": "Quadro Princesa Jujuba"}]}
98;giraffas_maceta;mobile;0;{"availableInCatalog": false, "disableColorChange": true, "isNew": true};{"avatarHomeItemBuilder": {"attributes": [{"name": "use", "value": "default"}]}, "graphicURL": {"value": "<![CDATA[   ${scene_elements}/giraffas_maceta.swf ]]>"}, "preferredDropPoint": {"attributes": [{"name": "area", "value": "wall_back"}, {"name": "viewName", "value": "d0"}, {"name": "x", "value": "650"}, {"name": "y", "value": "270"}]}}
99;giraffas_reloj;mobile;0;{"availableInCatalog": false, "disableColorChange": true};{"avatarHomeItemBuilder": {"attributes": [{"name": "use", "value": "default"}]}, "graphicURL": {"value": "<![CDATA[   ${scene_elements}/giraffas_reloj.swf ]]>"}, "preferredDropPoint": {"attributes": [{"name": "area", "value": "wall_back"}, {"name": "viewName", "value": "d0"}, {"name": "x", "value": "500"}, {"name": "y", "value": "300"}]}}
100;gumball_cubes;mobile;40;{"availableInCatalog": true, "disableColorChange": true, "isNew": true};{"avatarHomeItemBuilder": {"attributes": [{"name": "use", "value": "default"}]}, "graphicURL": {"value": "<![CDATA[   ${scene_elements}/gumball_cubes.swf ]]>"}}
101;lamp_mono;mobile;600;{"availableInCatalog": true, "disableColorChange": true};{"avatarHomeItemBuilder": {"attributes": [{"name": "use", "value": "bistatus"}]}, "graphicURL": {"value": "<![CDATA[   ${scene_elements}/lamp_mono.swf ]]>"}}
102;maq_fuji;mobile;180;{"availableInCatalog": true, "disableColorChange": true};{"avatarHomeItemBuilder": {"attributes": [{"name": "use", "value": "bistatus"}]}, "graphicURL": {"value": "<![CDATA[   ${scene_elements}/maq_fuji.swf ]]>"}}
103;maq_pez;mobile;250;{"availableInCatalog": true, "disableColorChange": true};{"avatarHomeItemBuilder": {"attributes": [{"name": "use", "value": "bistatus"}]}, "graphicURL": {"value": "<![CDATA[   ${scene_elements}/maq_pez.swf ]]>"}}
104;mascotin;mobile;1200;{"availableInCatalog": true, "disableColorChange": true};{"avatarHomeItemBuilder": {"attributes": [{"name": "use", "value": "mascotaBasica"}]}, "graphicURL": {"value": "<![CDATA[   ${scene_elements}/pet_01.swf ]]>"}}
105;mascotinrosa;mobile;1000;{"availableInCatalog": true, "disableColorChange": true};{"avatarHomeItemBuilder": {"attributes": [{"name": "use", "value": "mascotaBasica"}]}, "graphicURL": {"value": "<![CDATA[   ${scene_elements}/pet_01pink.swf ]]>"}}
106;maxsteel_cuadro;mobile;300000;{"availableInCatalog": false, "disableColorChange": true};{"avatarHomeItemBuilder": {"attributes": [{"name": "use", "value": "maxsteelCuadro"}]}, "graphicURL": {"value": "<![CDATA[   ${scene_elements}/maxsteel_cuadro.swf ]]>"}, "preferredDropPoint": {"attributes": [{"name": "area", "value": "wall_back"}, {"name": "viewName", "value": "d0"}, {"name": "x", "value": "500"}, {"name": "y", "value": "300"}]}}
107;maxsteel_cytro;mobile;300000;{"availableInCatalog": false, "disableColorChange": true};{"avatarHomeItemBuilder": {"attributes": [{"name": "use", "value": "applyCostume"}], "value": "{\"costumeProduccion\": 345730486, \"costumeContribucion\": 77333352, \"applyCostumeTrackMilestone\": {\"name\": \"award\", \"id\": \"{prize, Max Steel Cytro}\"}}"}, "graphicURL": {"value": "<![CDATA[   ${scene_elements}/maxsteel_cytro.swf ]]>"}, "preferredDropPoint": {"attributes": [{"name": "area", "value": "wall_back"}, {"name": "viewName", "value": "d0"}, {"name": "x", "value": "400"}, {"name": "y", "value": "360"}]}}
108;maxsteel_makino;mobile;300000;{"availableInCatalog": false, "disableColorChange": true};{"avatarHomeItemBuilder": {"attributes": [{"name": "use", "value": "applyCostume"}], "value": "{\"costumeProduccion\": 345730780, \"costumeContribucion\": 77333355, \"applyCostumeTrackMilestone\": {\"name\": \"award\", \"id\": \"{prize, Max Steel Makino}\"}}"}, "graphicURL": {"value": "<![CDATA[   ${scene_elements}/maxsteel_makino.swf ]]>"}, "preferredDropPoint": {"attributes": [{"name": "area", "value": "wall_back"}, {"name": "viewName", "value": "d0"}, {"name": "x", "value": "280"}, {"name": "y", "value": "360"}]}}
109;maxsteel_moto;mobile;100;{"availableInCatalog": false, "disableColorChange": true};{"avatarHomeItemBuilder": {"attributes": [{"name": "use", "value": "maxsteelMoto"}]}, "graphicURL": {"value": "<![CDATA[   ${scene_elements}/maxsteel_moto.swf ]]>"}, "preferredDropPoint": {"attributes": [{"name": "area", "value": "floor"}, {"name": "viewName", "value": "d135"}, {"name": "x", "value": "412"}, {"name": "y", "value": "618"}]}}
110;mcdonalds_lampara;mobile;300000;{"availableInCatalog": false, "disableColorChange": true};{"avatarHomeItemBuilder": {"attributes": [{"name": "use", "value": "mcdonaldsCostumeChanger"}], "value": "{\"costume0Produccion\": 386213458, \"costume0Contribucion\": 77336511, \"costume1Produccion\": 386214490, \"costume1Contribucion\": 77336514, \"costume2Produccion\": 386214830, \"costume2Contribucion\": 77336517, \"applyCostume0TrackMilestone\": {\"name\": \"award\", \"id\": \"{prize, McDonalds 2013 Conejo}\"}, \"applyCostume1TrackMilestone\": {\"name\": \"award\", \"id\": \"{prize, McDonalds 2013 Robot}\"}, \"applyCostume2TrackMilestone\": {\"name\": \"award\", \"id\": \"{prize, McDonalds 2013 Cresta}\"}"}, "graphicURL": {"value": "<![CDATA[   ${scene_elements}/mcdonalds_lampara.swf ]]>"}, "preferredDropPoint": {"attributes": [{"name": "area", "value": "ceiling"}, {"name": "viewName", "value": "d0"}, {"name": "x", "value": "320"}, {"name": "y", "value": "250"}]}}
111;mcdonalds_sillon;mobile;300000;{"availableInCatalog": false, "disableColorChange": true};{"avatarHomeItemBuilder": {"attributes": [{"name": "use", "value": "mcdonaldsCostumeChanger"}], "value": "{\"costume0Produccion\": 386215833, \"costume0Contribucion\": 77336532, \"costume1Produccion\": 386215833, \"costume1Contribucion\": 77336532, \"costume2Produccion\": 386253290, \"costume2Contribucion\": 77336529, \"applyCostume0TrackMilestone\": {\"name\": \"award\", \"id\": \"{prize, McDonalds 2013 Chica}\"}, \"applyCostume1TrackMilestone\": {\"name\": \"award\", \"id\": \"{prize, McDonalds 2013 Chica}\"}, \"applyCostume2TrackMilestone\": {\"name\": \"award\", \"id\": \"{prize, McDonalds 2013 Esqueleto}\"}"}, "graphicURL": {"value": "<![CDATA[   ${scene_elements}/mcdonalds_sillon.swf ]]>"}, "preferredDropPoint": {"attributes": [{"name": "area", "value": "floor"}, {"name": "viewName", "value": "d135"}, {"name": "x", "value": "747"}, {"name": "y", "value": "525"}]}}
112;mcdonalds_tv;mobile;300000;{"availableInCatalog": false, "disableColorChange": true};{"avatarHomeItemBuilder": {"attributes": [{"name": "use", "value": "mcdonaldsCostumeChanger"}], "value": "{\"costume0Produccion\": 386215163, \"costume0Contribucion\": 77336520, \"costume1Produccion\": 386215300, \"costume1Contribucion\": 77336523, \"costume2Produccion\": 386215557, \"costume2Contribucion\": 77336526, \"applyCostume0TrackMilestone\": {\"name\": \"award\", \"id\": \"{prize, McDonalds 2013 Doble}\"}, \"applyCostume1TrackMilestone\": {\"name\": \"award\", \"id\": \"{prize, McDonalds 2013 Bafle}\"}, \"applyCostume2TrackMilestone\": {\"name\": \"award\", \"id\": \"{prize, McDonalds 2013 Murcielago}\"}"}, "graphicURL": {"value": "<![CDATA[   ${scene_elements}/mcdonalds_tv.swf ]]>"}, "preferredDropPoint": {"attributes": [{"name": "area", "value": "floor"}, {"name": "viewName", "value": "d45"}, {"name": "x", "value": "268"}, {"name": "y", "value": "557"}]}}
113;mesa_bat;mobile;600;{"availableInCatalog": true};{"avatarHomeItemBuilder": {"attributes": [{"name": "use", "value": "default"}]}, "graphicURL": {"value": "<![CDATA[   ${scene_elements}/table_bat.swf ]]>"}}
114;mesa_cienpies;mobile;800;{"availableInCatalog": true};{"avatarHomeItemBuilder": {"attributes": [{"name": "use", "value": "default"}]}, "graphicURL": {"value": "<![CDATA[   ${scene_elements}/table_centipede.swf ]]>"}}
115;mesa_furry;mobile;75;{"availableInCatalog": true, "freeOfChargeAmount": 1};{"avatarHomeItemBuilder": {"attributes": [{"name": "use", "value": "default"}]}, "graphicURL": {"value": "<![CDATA[   ${scene_elements}/table_furry.swf ]]>"}}
116;mesa_triangulos;mobile;500;{"availableInCatalog": true};{"avatarHomeItemBuilder": {"attributes": [{"name": "use", "value": "default"}]}, "graphicURL": {"value": "<![CDATA[   ${scene_elements}/table_triangles.swf ]]>"}}
117;mustaches;mobile;70;{"availableInCatalog": false, "disableColorChange": true};{"avatarHomeItemBuilder": {"attributes": [{"name": "use", "value": "default"}]}, "graphicURL": {"value": "<![CDATA[   ${scene_elements}/mustaches.swf ]]>"}}
118;navidad2012_gunter;mobile;300000;{"availableInCatalog": false, "disableColorChange": true};{"avatarHomeItemBuilder": {"attributes": [{"name": "use", "value": "navidad2012Gunter"}], "value": "{\"costume0Produccion\": 351021034, \"costume0Contribucion\": 77334200, \"costume1Produccion\": 351021329, \"costume1Contribucion\": 77334203, \"costume2Produccion\": 351021548, \"costume2Contribucion\": 77334206, \"costume3Produccion\": 311412226, \"costume3Contribucion\": 77327660, \"costume4Produccion\": 311411497, \"costume4Contribucion\": 77327675, \"applyCostume0TrackMilestone\": {\"name\": \"award\", \"id\": \"{prize, Navidad 2012 Ice King}\"}, \"applyCostume1TrackMilestone\": {\"name\": \"award\", \"id\": \"{prize, Navidad 2012 Lumpy}\"}, \"applyCostume2TrackMilestone\": {\"name\": \"award\", \"id\": \"{prize, Navidad 2012 Princess Bubblegum}\"}, \"applyCostume3TrackMilestone\": {\"name\": \"award\", \"id\": \"{prize, Navidad 2012 Finn}\"}, \"applyCostume4TrackMilestone\": {\"name\": \"award\", \"id\": \"{prize, Navidad 2012 Jake}\"}}"}, "graphicURL": {"value": "<![CDATA[   ${scene_elements}/navidad2012_gunter.swf ]]>"}, "preferredDropPoint": {"attributes": [{"name": "area", "value": "floor"}, {"name": "viewName", "value": "d45"}, {"name": "x", "value": "420"}, {"name": "y", "value": "540"}]}}
119;object_monicubes;mobile;40;{"availableInCatalog": true, "disableColorChange": true, "isNew": true};{"avatarHomeItemBuilder": {"attributes": [{"name": "use", "value": "default"}]}, "graphicURL": {"value": "<![CDATA[   ${scene_elements}/object_monicubes.swf ]]>"}}
120;omnitrix;mobile;800;{"availableInCatalog": false, "disableColorChange": true};{"avatarHomeItemBuilder": {"attributes": [{"name": "use", "value": "mascotaBasica"}]}, "graphicURL": {"value": "<![CDATA[   ${scene_elements}/ben10_omnitrix.swf ]]>"}, "preferredDropPoint": {"attributes": [{"name": "area", "value": "floor"}, {"name": "viewName", "value": "d225"}, {"name": "x", "value": "719"}, {"name": "y", "value": "571"}]}}
121;patitas_bata;mobile;250;{"availabilityDaysFromBuy": "default", "availableInCatalog": true, "disableColorChange": true, "from": "2010-06-29T10:30:00", "to": "2012-09-01T10:30:00"};{"avatarHomeItemBuilder": {"attributes": [{"name": "use", "value": "bistatus"}]}, "graphicURL": {"value": "<![CDATA[   ${scene_elements}/patitas_bata.swf ]]>"}}
122;patitas_carpet;mobile;50;{"availabilityDaysFromBuy": "default", "availableInCatalog": true, "disableColorChange": true, "from": "2010-06-29T10:30:00", "to": "2012-09-01T10:30:00"};{"avatarHomeItemBuilder": {"attributes": [{"name": "use", "value": "bistatus"}]}, "graphicURL": {"value": "<![CDATA[   ${scene_elements}/patitas_carpet.swf ]]>"}}
123;patitas_espejo_pie;mobile;200;{"availableInCatalog": false, "disableColorChange": true, "name": "Espejo Pie"};{"avatarHomeItemBuilder": {"attributes": [{"name": "use", "value": "default"}]}, "graphicURL": "<![CDATA[   ${scene_elements}/patitas_espejo_pie.swf ]]>", "names": [{"lang": "es", "value": "Espejo"}, {"lang": "pt", "value": "Espelho"}]}
124;patitas_lampara;mobile;50;{"availableInCatalog": false, "disableColorChange": true};{"avatarHomeItemBuilder": {"attributes": [{"name": "use", "value": "default"}]}, "graphicURL": {"value": "<![CDATA[   ${scene_elements}/patitas_lampara.swf ]]>"}, "names": [{"lang": "es", "value": "L치mpara"}, {"lang": "pt", "value": "L칙mpada"}]}
125;patitas_maceta;mobile;20;{"availableInCatalog": false, "disableColorChange": true};{"avatarHomeItemBuilder": {"attributes": [{"name": "use", "value": "default"}]}, "graphicURL": {"value": "<![CDATA[   ${scene_elements}/patitas_maceta.swf ]]>"}, "names": [{"lang": "es", "value": "Maceta"}, {"lang": "pt", "value": "Pote"}]}
126;patitas_parlantes;mobile;250;{"availabilityDaysFromBuy": "default", "availableInCatalog": true, "disableColorChange": true, "from": "2010-06-29T10:30:00", "to": "2012-09-01T10:30:00"};{"avatarHomeItemBuilder": {"attributes": [{"name": "use", "value": "bistatus"}]}, "graphicURL": {"value": "<![CDATA[   ${scene_elements}/patitas_parlantes.swf ]]>"}}
127;patitas_poster_rockstar;mobile;20;{"availableInCatalog": false, "disableColorChange": true};{"avatarHomeItemBuilder": {"attributes": [{"name": "use", "value": "default"}]}, "graphicURL": {"value": "<![CDATA[   ${scene_elements}/patitas_poster_rockstar.swf ]]>"}, "names": [{"lang": "es", "value": "Poster"}, {"lang": "pt", "value": "Cartaz"}]}
128;patitas_retrato_antiguo;mobile;20;{"availableInCatalog": false, "disableColorChange": true};{"avatarHomeItemBuilder": {"attributes": [{"name": "use", "value": "default"}]}, "graphicURL": {"value": "<![CDATA[   ${scene_elements}/patitas_retrato_antiguo.swf ]]>"}, "names": [{"lang": "es", "value": "Retrato"}, {"lang": "pt", "value": "Retrato"}]}
129;patitas_robot_toy;mobile;30;{"availableInCatalog": false, "disableColorChange": true};{"avatarHomeItemBuilder": {"attributes": [{"name": "use", "value": "default"}]}, "graphicURL": {"value": "<![CDATA[   ${scene_elements}/patitas_robot_toy.swf ]]>"}, "names": [{"lang": "es", "value": "Robot"}, {"lang": "pt", "value": "Robot"}]}
130;patitas_sillon;mobile;30;{"availableInCatalog": false, "disableColorChange": true};{"avatarHomeItemBuilder": {"attributes": [{"name": "use", "value": "default"}]}, "graphicURL": {"value": "<![CDATA[   ${scene_elements}/patitas_sillon.swf ]]>"}, "names": [{"lang": "es", "value": "Sill칩n"}, {"lang": "pt", "value": "Cadeira"}]}
131;patitas_ventilador_lenguas;mobile;50;{"availableInCatalog": false, "disableColorChange": true};{"avatarHomeItemBuilder": {"attributes": [{"name": "use", "value": "default"}]}, "graphicURL": {"value": "<![CDATA[   ${scene_elements}/patitas_ventilador_lenguas.swf ]]>"}, "names": [{"lang": "es", "value": "Ventilador"}, {"lang": "pt", "value": "Fan"}]}
132;pegajosas_pendantlight;mobile;350;{"availabilityDaysFromBuy": "default", "availableInCatalog": true, "disableColorChange": true, "from": "2010-06-29T10:30:00", "to": "2011-12-30T10:30:00"};{"avatarHomeItemBuilder": {"attributes": [{"name": "use", "value": "bistatus"}]}, "graphicURL": {"value": "<![CDATA[   ${scene_elements}/pegajosas_pendantlight.swf ]]>"}}
133;pegajosas_window;mobile;500;{"availabilityDaysFromBuy": "default", "availableInCatalog": true, "disableColorChange": true, "from": "2010-06-29T10:30:00", "to": "2011-12-30T10:30:00"};{"avatarHomeItemBuilder": {"attributes": [{"name": "use", "value": "default"}]}, "graphicURL": {"value": "<![CDATA[   ${scene_elements}/pegajosas_window.swf ]]>"}}
134;pendantlight_gnome;mobile;900;{"availableInCatalog": true, "disableColorChange": true};{"avatarHomeItemBuilder": {"attributes": [{"name": "use", "value": "bistatus"}]}, "graphicURL": {"value": "<![CDATA[   ${scene_elements}/pendantlight_gnome.swf ]]>"}}
135;pendantlight_spikes;mobile;350;{"availableInCatalog": true};{"avatarHomeItemBuilder": {"attributes": [{"name": "use", "value": "bistatus"}]}, "graphicURL": {"value": "<![CDATA[   ${scene_elements}/pendantlight_spikes.swf ]]>"}}
136;plant_balloon;mobile;0;{"availableInCatalog": true};{"avatarHomeItemBuilder": {"attributes": [{"name": "use", "value": "default"}]}, "graphicURL": {"value": "<![CDATA[   ${scene_elements}/plant_balloon.swf ]]>"}}
137;plant_electric;mobile;0;{"availableInCatalog": true};{"avatarHomeItemBuilder": {"attributes": [{"name": "use", "value": "default"}]}, "graphicURL": {"value": "<![CDATA[   ${scene_elements}/plant_electric.swf ]]>"}}
138;plant_electro;mobile;200;{"availableInCatalog": true, "disableColorChange": true};{"avatarHomeItemBuilder": {"attributes": [{"name": "use", "value": "bistatus"}]}, "graphicURL": {"value": "<![CDATA[   ${scene_elements}/plant_electro.swf ]]>"}}
139;plant_fish;mobile;0;{"availableInCatalog": true};{"avatarHomeItemBuilder": {"attributes": [{"name": "use", "value": "default"}]}, "graphicURL": {"value": "<![CDATA[   ${scene_elements}/plant_fish.swf ]]>"}}
140;plant_onion;mobile;0;{"availableInCatalog": true};{"avatarHomeItemBuilder": {"attributes": [{"name": "use", "value": "default"}]}, "graphicURL": {"value": "<![CDATA[   ${scene_elements}/plant_onion.swf ]]>"}}
141;plant_scallion;mobile;0;{"availableInCatalog": true};{"avatarHomeItemBuilder": {"attributes": [{"name": "use", "value": "default"}]}, "graphicURL": {"value": "<![CDATA[   ${scene_elements}/plant_scallion.swf ]]>"}}
142;plant_trafficlights;mobile;0;{"availableInCatalog": true};{"avatarHomeItemBuilder": {"attributes": [{"name": "use", "value": "default"}]}, "graphicURL": {"value": "<![CDATA[   ${scene_elements}/plant_trafficlights.swf ]]>"}}
143;puddle;mobile;70;{"availableInCatalog": false, "disableColorChange": true};{"avatarHomeItemBuilder": {"attributes": [{"name": "use", "value": "bistatus"}]}, "graphicURL": {"value": "<![CDATA[   ${scene_elements}/puddle.swf ]]>"}}
144;puff_cupcake;mobile;150;{"availableInCatalog": false, "disableColorChange": true};{"avatarHomeItemBuilder": {"attributes": [{"name": "use", "value": "default"}]}, "graphicURL": {"value": "<![CDATA[   ${scene_elements}/puff_cupcake.swf ]]>"}, "names": [{"lang": "es", "value": "Puff cupcake"}, {"lang": "pt", "value": "Puff cupcake"}]}
145;puff_honguito;mobile;150;{"availableInCatalog": false, "disableColorChange": true};{"avatarHomeItemBuilder": {"attributes": [{"name": "use", "value": "default"}]}, "graphicURL": {"value": "<![CDATA[   ${scene_elements}/puff_honguito.swf ]]>"}, "names": [{"lang": "es", "value": "Puff honguito"}, {"lang": "pt", "value": "Puff funghi"}]}
146;puff_niguiri;mobile;150;{"availableInCatalog": false, "disableColorChange": true};{"avatarHomeItemBuilder": {"attributes": [{"name": "use", "value": "default"}]}, "graphicURL": {"value": "<![CDATA[   ${scene_elements}/puff_niguiri.swf ]]>"}, "names": [{"lang": "es", "value": "Puff niguiri"}, {"lang": "pt", "value": "Puff niguiri"}]}
147;standardlight_halloween;mobile;300000;{"availableInCatalog": false, "disableColorChange": true};{"avatarHomeItemBuilder": {"attributes": [{"name": "use", "value": "halloweenLight"}]}, "graphicURL": {"value": "<![CDATA[   ${scene_elements}/standardlight_halloween.swf ]]>"}, "preferredDropPoint": {"attributes": [{"name": "area", "value": "floor"}, {"name": "viewName", "value": "d45"}, {"name": "x", "value": "720"}, {"name": "y", "value": "480"}]}}
148;standardlight_lamp;mobile;70;{"availableInCatalog": true};{"avatarHomeItemBuilder": {"attributes": [{"name": "use", "value": "bistatus"}]}, "graphicURL": {"value": "<![CDATA[   ${scene_elements}/standardlight_lamp.swf ]]>"}}
149;standardlight_owl;mobile;150;{"availableInCatalog": true};{"avatarHomeItemBuilder": {"attributes": [{"name": "use", "value": "bistatus"}]}, "graphicURL": {"value": "<![CDATA[   ${scene_elements}/standardlight_owl.swf ]]>"}}
150;standardlight_round;mobile;75;{"availableInCatalog": true, "disableColorChange": true};{"avatarHomeItemBuilder": {"attributes": [{"name": "use", "value": "bistatus"}]}, "graphicURL": {"value": "<![CDATA[   ${scene_elements}/standardlight_round.swf ]]>"}}
151;standardlight_spider;mobile;300;{"availableInCatalog": false, "disableColorChange": true};{"avatarHomeItemBuilder": {"attributes": [{"name": "use", "value": "bistatus"}]}, "graphicURL": {"value": "<![CDATA[   ${scene_elements}/standardlight_spider.swf ]]>"}, "names": [{"lang": "es", "value": "Lampara침a"}, {"lang": "pt", "value": "Lamparanha"}]}
152;standardlight_teeth;mobile;100;{"availableInCatalog": true};{"avatarHomeItemBuilder": {"attributes": [{"name": "use", "value": "bistatus"}]}, "graphicURL": {"value": "<![CDATA[   ${scene_elements}/standardlight_teeth.swf ]]>"}}
153;table_cascaron;mobile;300;{"availableInCatalog": true, "isNew": true};{"avatarHomeItemBuilder": {"attributes": [{"name": "use", "value": "default"}]}, "graphicURL": {"value": "<![CDATA[   ${scene_elements}/table_cascaron.swf ]]>"}}
154;table_cebollita;mobile;400;{"availableInCatalog": true, "isNew": true};{"avatarHomeItemBuilder": {"attributes": [{"name": "use", "value": "default"}]}, "graphicURL": {"value": "<![CDATA[   ${scene_elements}/table_cebollita.swf ]]>"}}
155;tetris;mobile;70;{"availableInCatalog": false, "disableColorChange": true};{"avatarHomeItemBuilder": {"attributes": [{"name": "use", "value": "default"}]}, "graphicURL": {"value": "<![CDATA[   ${scene_elements}/tetris.swf ]]>"}}
156;treehanger;mobile;70;{"availableInCatalog": false, "disableColorChange": true};{"avatarHomeItemBuilder": {"attributes": [{"name": "use", "value": "default"}]}, "graphicURL": {"value": "<![CDATA[   ${scene_elements}/treehanger.swf ]]>"}}
157;tv_alien;mobile;200;{"availableInCatalog": true};{"avatarHomeItemBuilder": {"attributes": [{"name": "use", "value": "bistatus"}]}, "graphicURL": {"value": "<![CDATA[   ${scene_elements}/tv_alien.swf ]]>"}}
158;tv_bear;mobile;600;{"availableInCatalog": true};{"avatarHomeItemBuilder": {"attributes": [{"name": "use", "value": "bistatus"}]}, "graphicURL": {"value": "<![CDATA[   ${scene_elements}/tv_bear.swf ]]>"}}
159;tv_flower;mobile;850;{"availableInCatalog": true, "disableColorChange": true};{"avatarHomeItemBuilder": {"attributes": [{"name": "use", "value": "bistatus"}]}, "graphicURL": {"value": "<![CDATA[   ${scene_elements}/tv_flower.swf ]]>"}}
160;tv_rabbit;mobile;500;{"availableInCatalog": true};{"avatarHomeItemBuilder": {"attributes": [{"name": "use", "value": "bistatus"}]}, "graphicURL": {"value": "<![CDATA[   ${scene_elements}/tv_rabbit.swf ]]>"}};
161;tv_semisphere;mobile;850;{"availableInCatalog": true, "disableColorChange": true};{"avatarHomeItemBuilder": {"attributes": [{"name": "use", "value": "bistatus"}]}, "graphicURL": {"value": "<![CDATA[   ${scene_elements}/tv_semisphere.swf ]]>"}}
162;tv_soccer;mobile;250;{"availableInCatalog": true, "disableColorChange": true};{"avatarHomeItemBuilder": {"attributes": [{"name": "use", "value": "bistatus"}]}, "graphicURL": {"value": "<![CDATA[   ${scene_elements}/tv_soccer.swf ]]>"}}
163;tv_tv;mobile;350;{"availableInCatalog": true};{"avatarHomeItemBuilder": {"attributes": [{"name": "use", "value": "bistatus"}]}, "graphicURL": {"value": "<![CDATA[   ${scene_elements}/tv_tv.swf ]]>"}}
164;windmill;mobile;70;{"availableInCatalog": false, "disableColorChange": true};{"avatarHomeItemBuilder": {"attributes": [{"name": "use", "value": "bistatus"}]}, "graphicURL": {"value": "<![CDATA[   ${scene_elements}/windmill.swf ]]>"}}
165;window_cascaron;mobile;20;{"availableInCatalog": true, "disableColorChange": true, "isNew": true};{"avatarHomeItemBuilder": {"attributes": [{"name": "use", "value": "default"}]}, "graphicURL": {"value": "<![CDATA[   ${scene_elements}/window_cascaron.swf ]]>"}}
166;window_cebollita;mobile;20;{"availableInCatalog": true, "disableColorChange": true, "isNew": true};{"avatarHomeItemBuilder": {"attributes": [{"name": "use", "value": "default"}]}, "graphicURL": {"value": "<![CDATA[   ${scene_elements}/window_cebollita.swf ]]>"}}
167;xalingo01;mobile;400;{"availableInCatalog": false, "disableColorChange": true};{"avatarHomeItemBuilder": {"attributes": [{"name": "use", "value": "mascotaBasica"}]}, "graphicURL": {"value": "<![CDATA[   ${scene_elements}/pet_xalingo01.swf ]]>"}, "preferredDropPoint": {"attributes": [{"name": "area", "value": "floor"}, {"name": "viewName", "value": "d225"}, {"name": "x", "value": "519"}, {"name": "y", "value": "571"}]}}
168;xalingo02;mobile;75;{"availableInCatalog": false, "disableColorChange": true};{"avatarHomeItemBuilder": {"attributes": [{"name": "use", "value": "mascotaBasica"}]}, "graphicURL": {"value": "<![CDATA[   ${scene_elements}/pet_xalingo02.swf ]]>"}, "preferredDropPoint": {"attributes": [{"name": "area", "value": "floor"}, {"name": "viewName", "value": "d225"}, {"name": "x", "value": "619"}, {"name": "y", "value": "571"}]}}
169;xalingo03;mobile;150;{"availableInCatalog": false, "disableColorChange": true};{"avatarHomeItemBuilder": {"attributes": [{"name": "use", "value": "mascotaBasica"}]}, "graphicURL": {"value": "<![CDATA[   ${scene_elements}/pet_xalingo03.swf ]]>"}, "preferredDropPoint": {"attributes": [{"name": "area", "value": "floor"}, {"name": "viewName", "value": "d225"}, {"name": "x", "value": "419"}, {"name": "y", "value": "571"}]}}
170;xalingo04;mobile;300;{"availableInCatalog": false, "disableColorChange": true};{"avatarHomeItemBuilder": {"attributes": [{"name": "use", "value": "mascotaBasica"}]}, "graphicURL": {"value": "<![CDATA[   ${scene_elements}/pet_xalingo04.swf ]]>"}, "preferredDropPoint": {"attributes": [{"name": "area", "value": "floor"}, {"name": "viewName", "value": "d225"}, {"name": "x", "value": "719"}, {"name": "y", "value": "571"}]}}